allele	iuis	asc	iglabel
IGKV1-5TCS*03	IGKV1D-17*01	IGKV1-5TCS*03	IGKV1-P4YK*00
IGKV1-5TCS*07	IGKV1D-17*01_a291t	IGKV1-5TCS*07	IGKV1-VUKY*00
IGKJ3-DD27*01	IGKJ3*01	IGKJ3-DD27*01	IGKJ1-DD27*00
IGKV3-3IAK*01	IGKV3-15*01_t5c_g15a	IGKV3-3IAK*01	IGKV1-3IAK*00
IGKV5-D65I*04	IGKV5-2*02_t108g	IGKV5-D65I*04	IGKV1-XRJM*00
IGKV5-D65I*03	IGKV5-2*01	IGKV5-D65I*03	IGKV1-JTDG*00
IGKV5-D65I*02	IGKV5-2*02	IGKV5-D65I*02	IGKV1-JT2D*00
IGKV3-3IAK*02	IGKV3-15*01_g129a	IGKV3-3IAK*02	IGKV1-5573*00
IGKV3-3IAK*13	IGKV3D-15*01	IGKV3-3IAK*13	IGKV1-UR4P*00
IGKV3-3IAK*08	IGKV3-15*01_c280a	IGKV3-3IAK*08	IGKV1-KOKV*00
IGKV3-3IAK*14	IGKV3-15*01	IGKV3-3IAK*14	IGKV1-W7IP*00
IGKV3-3IAK*15	IGKV3D-15*01_c206t	IGKV3-3IAK*15	IGKV1-WSN3*00
IGKV3-3IAK*12	IGKV3D-15*03_g240a	IGKV3-3IAK*12	IGKV1-SK3U*00
IGKV3-3IAK*11	IGKV3D-15*01_c197t	IGKV3-3IAK*11	IGKV1-RY5A*00
IGKV3-3IAK*10	IGKV3D-15*03	IGKV3-3IAK*10	IGKV1-OSH5*00
IGKV3-3IAK*06	IGKV3-15*01_c141g	IGKV3-3IAK*06	IGKV1-DCF7*00
IGKV3-3IAK*05	IGKV3-15*01_a117g	IGKV3-3IAK*05	IGKV1-CS2M*00
IGKV3-3IAK*09	IGKV3-15*01_c75t	IGKV3-3IAK*09	IGKV1-L2KN*00
IGKV3-3IAK*04	IGKV3-15*01_c27t	IGKV3-3IAK*04	IGKV1-BYPD*00
IGKV3-3IAK*03	IGKV3D-15*01_c14t_g330a	IGKV3-3IAK*03	IGKV1-7SM5*00
IGKV3-3IAK*07	IGKV3D-15*01_c14t	IGKV3-3IAK*07	IGKV1-DQM6*00
IGKV5-D65I*01	IGKV5-2*02_c5t	IGKV5-D65I*01	IGKV1-D65I*00
IGKV3-3P4Y*05	IGKV3-7*04	IGKV3-3P4Y*05	IGKV1-KNDR*00
IGKV3-3P4Y*01	IGKV3-7*04_a208g	IGKV3-3P4Y*01	IGKV1-3P4Y*00
IGKV3-3P4Y*02	IGKV3D-7*01_c136a	IGKV3-3P4Y*02	IGKV1-6WAC*00
IGKV3-3P4Y*03	IGKV3D-7*01	IGKV3-3P4Y*03	IGKV1-EWGA*00
IGKV6-227Y*03	IGKV6D-21*02_g295a	IGKV6-227Y*03	IGKV1-2KUB*00
IGKV6-227Y*01	IGKV6-21*02	IGKV6-227Y*01	IGKV1-227Y*00
IGKV6-227Y*06	IGKV6D-21*02/IGKV6-21*02_a301g	IGKV6-227Y*06	IGKV1-HGYX*00
IGKV6-227Y*02	IGKV6D-21*02_a300c	IGKV6-227Y*02	IGKV1-247L*00
IGKV6-227Y*05	IGKV6-21*01/IGKV6D-21*01	IGKV6-227Y*05	IGKV1-B2T6*00
IGKV6-227Y*07	IGKV6D-21*01_a301g	IGKV6-227Y*07	IGKV1-N5SQ*00
IGKV6-227Y*04	IGKV6D-21*02_g139t_g295a	IGKV6-227Y*04	IGKV1-A4K5*00
IGKV3-5PXT*09	IGKV3-11*01_g48c	IGKV3-5PXT*09	IGKV1-R4FU*00
IGKV3-5PXT*04	IGKV3D-11*02_g53a	IGKV3-5PXT*04	IGKV1-7XAO*00
IGKV3-5PXT*05	IGKV3-11*01_g320a	IGKV3-5PXT*05	IGKV1-7Z2D*00
IGKV3-5PXT*03	IGKV3-11*01	IGKV3-5PXT*03	IGKV1-6NJH*00
IGKV3-5PXT*01	IGKV3D-11*02_g220a	IGKV3-5PXT*01	IGKV1-5PXT*00
IGKV3-5PXT*06	IGKV3D-11*02_g320a	IGKV3-5PXT*06	IGKV1-EGHK*00
IGKV3-5PXT*02	IGKV3D-11*02	IGKV3-5PXT*02	IGKV1-6IMN*00
IGKV3-5PXT*07	IGKV3D-11*01	IGKV3-5PXT*07	IGKV1-GTCK*00
IGKV3-CJIB*02	IGKV3D-20*01_g70a	IGKV3-CJIB*02	IGKV1-F7HG*00
IGKV3-CJIB*05	IGKV3D-20*01	IGKV3-CJIB*05	IGKV1-VB5W*00
IGKV3-CJIB*06	IGKV3-20*01_t147g	IGKV3-CJIB*06	IGKV1-WSBM*00
IGKV3-CJIB*04	IGKV3-20*01	IGKV3-CJIB*04	IGKV1-LON6*00
IGKV3-CJIB*01	IGKV3-20*01_a143t_t147g_g167a	IGKV3-CJIB*01	IGKV1-CJIB*00
IGKV3-CJIB*03	IGKV3-20*01_C57T	IGKV3-CJIB*03	IGKV1-J4X6*00
IGKV1-5TCS*05	IGKV1-17*03_c15a_g169t	IGKV1-5TCS*05	IGKV1-QZIY*00
IGKV1-AZST*02	IGKV1D-16*02	IGKV1-AZST*02	IGKV1-EHWM*00
IGKV1-AZST*05	IGKV1-16*02_g123c	IGKV1-AZST*05	IGKV1-WXQI*00
IGKV1-AZST*04	IGKV1-16*02	IGKV1-AZST*04	IGKV1-NKNT*00
IGKV1-AZST*01	IGKV1D-16*01	IGKV1-AZST*01	IGKV1-AZST*00
IGKV1-AZST*03	IGKV1D-16*01_c156t	IGKV1-AZST*03	IGKV1-FHWS*00
IGKV1-CSWN*03	IGKV1D-33*01_t319c	IGKV1-CSWN*03	IGKV1-WDTR*00
IGKV1-CSWN*02	IGKV1-33*01/IGKV1D-33*01	IGKV1-CSWN*02	IGKV1-SMWH*00
IGKV1-CSWN*01	IGKV1D-33*01_c286g/IGKV1-33*01_c286g	IGKV1-CSWN*01	IGKV1-CSWN*00
IGKV1-BJHA*01	IGKV1-39*01_c162a	IGKV1-BJHA*01	IGKV1-BJHA*00
IGKV1-BJHA*03	IGKV1-39*01/IGKV1D-39*01	IGKV1-BJHA*03	IGKV1-SVDQ*00
IGKV1-LLLI*02	IGKV1-17*01	IGKV1-LLLI*02	IGKV1-POWT*00
IGKV1-EBUV*03	IGKV1-27*02	IGKV1-EBUV*03	IGKV1-K5SX*00
IGKV1-EBUV*04	IGKV1-27*01_g282a	IGKV1-EBUV*04	IGKV1-LOIV*00
IGKV1-EBUV*01	IGKV1-27*01	IGKV1-EBUV*01	IGKV1-EBUV*00
IGKV1-EBUV*02	IGKV1-27*01_c309t	IGKV1-EBUV*02	IGKV1-EIFB*00
IGKV1-EBUV*05	IGKV1-27*01_a196g	IGKV1-EBUV*05	IGKV1-WNTC*00
IGKV1-PLJP*01	IGKV1-NL1*01	IGKV1-PLJP*01	IGKV1-PLJP*00
IGKV1-BJHA*02	IGKV1D-39*01_c29t_c306t_315gtgtg319_c330a/IGKV1-39*01_c29t_c306t_315gtgtg319_c330a	IGKV1-BJHA*02	IGKV1-QDVU*00
IGKV1-5TCS*04	IGKV1-17*03	IGKV1-5TCS*04	IGKV1-QHWR*00
IGKV1-2YQT*08	IGKV1-12*01_g71a	IGKV1-2YQT*08	IGKV1-OLLA*00
IGKV1-2YQT*05	IGKV1D-12*01_t30c_g71a_t270c_c334t	IGKV1-2YQT*05	IGKV1-H4PI*00
IGKV1-2YQT*01	IGKV1D-12*01_t30c_g129c_t270c_c334t	IGKV1-2YQT*01	IGKV1-2YQT*00
IGKV1-2YQT*06	IGKV1-12*01	IGKV1-2YQT*06	IGKV1-LQ3Y*00
IGKV1-2YQT*04	IGKV1D-12*01_t30c_t270c_c334t	IGKV1-2YQT*04	IGKV1-GGKE*00
IGKV1-2YQT*07	IGKV1-12*01_c306t_t309c_g319t_c320t_c324t_g326a_t329a_c335a	IGKV1-2YQT*07	IGKV1-O26L*00
IGKV1-2YQT*09	IGKV1-12*01_c270t	IGKV1-2YQT*09	IGKV1-XE4L*00
IGKV1-2YQT*03	IGKV1-12*01_c59t	IGKV1-2YQT*03	IGKV1-CVK7*00
IGKV1-2YQT*02	IGKV1D-12*01	IGKV1-2YQT*02	IGKV1-4XID*00
IGKV1-6HUK*05	IGKV1D-42*02	IGKV1-6HUK*05	IGKV1-OHHO*00
IGKV1-6FMK*09	IGKV1-5*05	IGKV1-6FMK*09	IGKV1-RSE5*00
IGKV1-6FMK*01	IGKV1-5*04	IGKV1-6FMK*01	IGKV1-6FMK*00
IGKV1-6FMK*04	IGKV1-5*04_c316g_t330c	IGKV1-6FMK*04	IGKV1-CINW*00
IGKV1-6FMK*08	IGKV1-5*03	IGKV1-6FMK*08	IGKV1-PGB5*00
IGKV1-6FMK*02	IGKV1-5*01	IGKV1-6FMK*02	IGKV1-6LSD*00
IGKV1-6FMK*05	IGKV1-5*01_a323t	IGKV1-6FMK*05	IGKV1-CR4R*00
IGKV1-6FMK*07	IGKV1-5*03_a144c	IGKV1-6FMK*07	IGKV1-PAPS*00
IGKV1-6FMK*03	IGKV1-5*03_c70t	IGKV1-6FMK*03	IGKV1-BDQY*00
IGKV1-6FMK*06	IGKV1-5*03_c41t	IGKV1-6FMK*06	IGKV1-MUV2*00
IGKV1-6HUK*02	IGKV1D-42*01_g55a	IGKV1-6HUK*02	IGKV1-7BRA*00
IGKV1-6HUK*01	IGKV1D-42*01	IGKV1-6HUK*01	IGKV1-6HUK*00
IGKV1-6QNL*03	IGKV1-9*01_c75a	IGKV1-6QNL*03	IGKV1-O7W2*00
IGKV1-6QNL*02	IGKV1-9*01	IGKV1-6QNL*02	IGKV1-CHYS*00
IGKV1-6QNL*04	IGKV1-9*02	IGKV1-6QNL*04	IGKV1-OHYA*00
IGKV4-7TN7*01	IGKV4-1*01_g72a	IGKV4-7TN7*01	IGKV1-7TN7*00
IGKV4-7TN7*03	IGKV4-1*01_c283a	IGKV4-7TN7*03	IGKV1-NB4A*00
IGKV4-7TN7*02	IGKV4-1*01	IGKV4-7TN7*02	IGKV1-HRFU*00
IGKV4-7TN7*04	IGKV4-1*02	IGKV4-7TN7*04	IGKV1-POI3*00
IGKV2-2NPS*05	IGKV2D-26*03_g7a_g63c_c156a	IGKV2-2NPS*05	IGKV1-EUPX*00
IGKV2-2NPS*02	IGKV2D-26*03_g63c	IGKV2-2NPS*02	IGKV1-5I77*00
IGKV2-2NPS*06	IGKV2D-26*03_g63c_c237t	IGKV2-2NPS*06	IGKV1-UV5N*00
IGKV2-2NPS*04	IGKV2D-26*03_t304a	IGKV2-2NPS*04	IGKV1-CUGX*00
IGKV2-2NPS*03	IGKV2D-26*03	IGKV2-2NPS*03	IGKV1-5IFF*00
IGKV3-3P4Y*04	IGKV3D-7*01_a3t	IGKV3-3P4Y*04	IGKV1-HG2G*00
IGKV2-6U5O*02	IGKV2D-18*01	IGKV2-6U5O*02	IGKV1-WRII*00
IGKV2-6U5O*01	IGKV2-18*01	IGKV2-6U5O*01	IGKV1-6U5O*00
IGKV2-22MS*06	IGKV2-40*01_t26c	IGKV2-22MS*06	IGKV1-TS25*00
IGKV2-22MS*08	IGKV2-40*01_g280a	IGKV2-22MS*08	IGKV1-XV3Z*00
IGKV2-22MS*05	IGKV2D-40*01_g320a	IGKV2-22MS*05	IGKV1-LNPF*00
IGKV2-22MS*10	IGKV2-40*01/IGKV2D-40*01	IGKV2-22MS*10	IGKV1-ZJNS*00
IGKV2-22MS*07	IGKV2D-40*01_c195t	IGKV2-22MS*07	IGKV1-WE3W*00
IGKV2-22MS*01	IGKV2D-40*01_g90t	IGKV2-22MS*01	IGKV1-22MS*00
IGKV2-AQII*03	IGKV2-24*02	IGKV2-AQII*03	IGKV1-J6PN*00
IGKV2-AQII*05	IGKV2-24*01	IGKV2-AQII*05	IGKV1-SWUR*00
IGKV2-AQII*02	IGKV2-24*02_a33g	IGKV2-AQII*02	IGKV1-G3KS*00
IGKV2-AQII*06	IGKV2D-24*01_t68g	IGKV2-AQII*06	IGKV1-ZCTT*00
IGKV2-AQII*04	IGKV2D-24*01	IGKV2-AQII*04	IGKV1-RQGZ*00
IGKV2-AQII*07	IGKV2D-24*01_g33t	IGKV2-AQII*07	IGKV1-ZL4A*00
IGKV2-DJXV*01	IGKV2D-29*02_g33a	IGKV2-DJXV*01	IGKV1-DJXV*00
IGKV2-DJXV*08	IGKV2D-29*01_t163c	IGKV2-DJXV*08	IGKV1-YSLE*00
IGKV2-DJXV*07	IGKV2D-29*01	IGKV2-DJXV*07	IGKV1-WYY4*00
IGKV2-DJXV*05	IGKV2-29*02	IGKV2-DJXV*05	IGKV1-PLF5*00
IGKV2-DJXV*02	IGKV2D-29*02	IGKV2-DJXV*02	IGKV1-EG4V*00
IGKV2-DJXV*06	IGKV2-29*01_a312c	IGKV2-DJXV*06	IGKV1-TNQG*00
IGKV2-DJXV*03	IGKV2D-29*01_c27g	IGKV2-DJXV*03	IGKV1-KQNC*00
IGKV2-GVWW*07	IGKV2D-28*01_t19c	IGKV2-GVWW*07	IGKV1-VWZU*00
IGKV2-GVWW*03	IGKV2D-28*01_g90c_g141a	IGKV2-GVWW*03	IGKV1-NHJZ*00
IGKV2-GVWW*02	IGKV2D-28*01_g90c	IGKV2-GVWW*02	IGKV1-MUJP*00
IGKV2-GVWW*08	IGKV2D-28*01_g141a	IGKV2-GVWW*08	IGKV1-YA7Q*00
IGKV2-GVWW*01	IGKV2-28*01_c142a	IGKV2-GVWW*01	IGKV1-GVWW*00
IGKV2-GVWW*04	IGKV2-28*01_T330G/IGKV2D-28*01_T330G	IGKV2-GVWW*04	IGKV1-ODNA*00
IGKV2-GVWW*05	IGKV2-28*01/IGKV2D-28*01	IGKV2-GVWW*05	IGKV1-SRLY*00
IGKV2-GVWW*06	IGKV2-28*01_g202t	IGKV2-GVWW*06	IGKV1-UKNC*00
IGKJ5-CLVV*01	IGKJ5*01	IGKJ5-CLVV*01	IGKJ1-CLVV*00
IGKV6-5WQW*01	IGKV6D-41*01_g222a	IGKV6-5WQW*01	IGKV1-5WQW*00
IGKV6-5WQW*02	IGKV6D-41*01	IGKV6-5WQW*02	IGKV1-GXF3*00
IGKV6-5WQW*03	IGKV6D-41*01_a303t	IGKV6-5WQW*03	IGKV1-IHGM*00
IGKV2-2F4I*03	IGKV2-30*02	IGKV2-2F4I*03	IGKV1-AB2A*00
IGKV2-2F4I*07	IGKV2-30*01	IGKV2-2F4I*07	IGKV1-YF7I*00
IGKV2-2F4I*06	IGKV2-30*01_g275t	IGKV2-2F4I*06	IGKV1-WGX5*00
IGKV2-2F4I*01	IGKV2D-30*01/IGKV2-30*01_c199t	IGKV2-2F4I*01	IGKV1-2F4I*00
IGKV2-2F4I*05	IGKV2D-30*01_g135t	IGKV2-2F4I*05	IGKV1-VL2K*00
IGKV2-2F4I*02	IGKV2D-30*01_c110t	IGKV2-2F4I*02	IGKV1-7XOW*00
IGKV2-2F4I*04	IGKV2D-30*01_c53t	IGKV2-2F4I*04	IGKV1-MJU4*00
IGKV1-K4UB*02	IGKV1-6*01_g9a	IGKV1-K4UB*02	IGKV1-RTP4*00
IGKV1-K4UB*01	IGKV1-6*01	IGKV1-K4UB*01	IGKV1-K4UB*00
IGKV1-K4UB*03	IGKV1-6*01_c331t	IGKV1-K4UB*03	IGKV1-XNY4*00
IGKV1-F5PO*04	IGKV1D-13*02_g110a_g326a	IGKV1-F5PO*04	IGKV1-IVCQ*00
IGKV1-F5PO*03	IGKV1-13*01	IGKV1-F5PO*03	IGKV1-IFVS*00
IGKV1-F5PO*01	IGKV1D-13*02_g238a_g326a	IGKV1-F5PO*01	IGKV1-F5PO*00
IGKV1-F5PO*05	IGKV1-13*01_a123g	IGKV1-F5PO*05	IGKV1-JXQ4*00
IGKV1-F5PO*07	IGKV1D-13*02	IGKV1-F5PO*07	IGKV1-NZ3D*00
IGKV1-6QNL*05	IGKV1-9*01_a2c_t29c_a258t_a270c	IGKV1-6QNL*05	IGKV1-TI47*00
IGKV1-6QNL*01	IGKV1-9*02_a2c_t29c_a258t_a270c	IGKV1-6QNL*01	IGKV1-6QNL*00
IGKV1-6QNL*06	IGKV1-9*01_a2c	IGKV1-6QNL*06	IGKV1-XGSJ*00
IGKV1-3EZB*04	IGKV1-8*02	IGKV1-3EZB*04	IGKV1-RJB3*00
IGKV1-3EZB*05	IGKV1-8*03	IGKV1-3EZB*05	IGKV1-ZQWR*00
IGKV1-3EZB*03	IGKV1-8*03_c231t	IGKV1-3EZB*03	IGKV1-MB5A*00
IGKV1-3EZB*02	IGKV1-8*01	IGKV1-3EZB*02	IGKV1-EPSG*00
IGKV1-3EZB*01	IGKV1-8*01_c136t	IGKV1-3EZB*01	IGKV1-3EZB*00
IGKV1-CEQR*01	IGKV1D-43*01	IGKV1-CEQR*01	IGKV1-CEQR*00
IGKV1-CEQR*02	IGKV1D-43*01_c41t	IGKV1-CEQR*02	IGKV1-XAYG*00
IGKV1-747T*01	IGKV1D-8*02_g139a	IGKV1-747T*01	IGKV1-747T*00
IGKV1-747T*07	IGKV1D-8*02	IGKV1-747T*07	IGKV1-NVAE*00
IGKJ4-ZOFQ*01	IGKJ4*01	IGKJ4-ZOFQ*01	IGKJ1-ZOFQ*00
IGKV1-747T*03	IGKV1D-8*01_t276c	IGKV1-747T*03	IGKV1-BSIB*00
IGKV1-747T*02	IGKV1D-8*01	IGKV1-747T*02	IGKV1-BPBK*00
IGKV1-747T*08	IGKV1D-8*01_c263t	IGKV1-747T*08	IGKV1-OOWM*00
IGKV1-747T*04	IGKV1D-8*01_a223g	IGKV1-747T*04	IGKV1-G5G6*00
IGKV1-747T*05	IGKV1D-8*04	IGKV1-747T*05	IGKV1-G5WD*00
IGKV1-747T*06	IGKV1D-8*01_c59t	IGKV1-747T*06	IGKV1-MQWN*00
IGKJ1-5PHE*01	IGKJ1*01	IGKJ1-5PHE*01	IGKJ1-5PHE*00
IGKV2-22MS*02	IGKV2D-40*01_a2t_t5c_c120t_g123t_g233a	IGKV2-22MS*02	IGKV1-3W75*00
IGKV2-22MS*04	IGKV2-40*01_a2t_c120t_g123t_g233a	IGKV2-22MS*04	IGKV1-JHIW*00
IGKV2-22MS*09	IGKV2D-40*01_a2t_c120t_g123t_g159t_g233a	IGKV2-22MS*09	IGKV1-ZJ36*00
IGKJ2-27FL*03	IGKJ2*01	IGKJ2-27FL*03	IGKJ1-EHWO*00
IGKJ2-27FL*04	IGKJ2*01_a37g	IGKJ2-27FL*04	IGKJ1-QBC2*00
IGKJ2-27FL*01	IGKJ2*03	IGKJ2-27FL*01	IGKJ1-27FL*00
IGKJ2-27FL*02	IGKJ2*04	IGKJ2-27FL*02	IGKJ1-7X24*00
